dafür sein	être pour
dagegen sein	être contre
Es ist gut gegen Alltagsstress	c'est bon contre le stress du quotidien
Es ist gesund	c'est bon pour la santé
Man denkt besser nach dem Sport	on réfléchit mieux après le sport
Man kann sich austoben	on peut se défouler
Man kann Freunde treffen	on peut voir des amis / on peut rencontrer des amis
Es ist gut für das Gehirn	c'est bon pour le cerveau
Es ist gut für den Körper	c'est bon pour le corps
Es ist gut für die Muskeln	c'est bon pour les muscles
Man denkt an etwas anderes	on pense à autre chose
Es ist gut für die Figur	c'est bon pour la ligne
Nach dem Sport fühlt man sich fit	après le sport, on se sent en forme
Es ist anstrengend	c'est pénible
Es ist langweilig	c'est ennuyeux
Es ist gefährlich	c'est dangereux
Man kann Muskelkater haben	on peut avoir des courbatures
Es ist ermüdend	c'est fatigant
Man schwitzt und es stinkt	on transpire et ça pue
Dann hat man Hunger	après, on a faim
Es ist stressig mit Wettkämpfen	c'est stressant avec les compétitions
Es ist teuer	c'est cher
Man ist unter Druck	on est sous pression
Man braucht viel Energie	il faut beaucoup d'énergie
Man braucht Zeit zum Training	il faut du temps pour l'entraînement
das Gehirn	le cerveau
der Körper	le corps
der Muskel	le muscle
der Wettkampf	la compétition
der Druck	la pression
schwitzen	transpirer
sich austoben	se défouler
teuer	cher
