die Gesundheit	la santé
gesund	sain / bon pour la santé
gegen	contre
Sport ist gut gegen Stress	le sport est bon contre le stress
der Alltagsstress	le stress du quotidien
es macht Spaß	c'est amusant / c'est marrant
übertreiben	exagérer
man soll nicht übertreiben	il ne faut pas exagérer
das Denken klappt besser	on réfléchit mieux
anstrengend	pénible / fatigant
gefährlich	dangereux
sich verletzen	se blesser
Muskelkater haben	avoir des courbatures
der Vorteil	l'avantage
der Nachteil	l'inconvénient
